comment_text,emotion,fan_type_discovered,cluster
"""look at you ,now look at me""

yes im looking at you rn",neutral,visual-focused,1
"Não existe uma melhor que a outra, elas brilham juntas.",neutral,content-focused,3
"YG : how many hairstyles & hair colour do you want to get in mv?

Lisa : Yes.",neutral,content-focused,3
blackpink comeback with jump sent me back to this comeback. hylt was revolutionary,neutral,content-focused,3
BLACKPINK IN YOUR AREA will forever be an iconic intro...,neutral,content-focused,3
HOY SE LLEGA A LOS 900 MILLONES ¡VAMOS QUE SE PUEDE!,neutral,content-focused,3
Donde esta todo el fandom Blink??? Solo veo a latinoamericanas apoyando,neutral,content-focused,3
"it's already jump era,but i am still not over this masterpiece after 5 years,blink forever!",neutral,content-focused,3
Can anyone tell me when they will start promoting on music shows and what shows...,neutral,content-focused,3
"Mucho talento, perfección y belleza para mis ojos.",neutral,content-focused,3
"Lisa and Jennie: ""look at you now look at me"" 

Me: I know I am a potato you don't have to call me out like that",neutral,visual-focused,1
"Whos here after JUMP ?
The vibe and nostalgia this song brings is unmatchable . We are never gonna get an amazing song like HYLT blackpink are legends !!",nostalgic,content-focused,3
Yay the come back is finnaly here and I LOVED it <3,neutral,content-focused,3
"YG: How many wigs do you want?

Blackpink: Yes.",neutral,content-focused,3
Blinks de Latinoamérica vamos a darle el billón a HYLT,neutral,content-focused,3
"오 나의 소녀들, 정말 추억이네요 😭😭😭🖇️✨💋💗",neutral,content-focused,3
"2025,누가 보 고 잇ㅅ 니",neutral,content-focused,3
"0:41 Rosie, you're so cute",neutral,content-focused,3
"my brain: how many times you're going to click that replay?
me: yes",addictive,content-focused,3
"a masterpiece that all people not gonna forget
*BLACKPINK FOREVER*
*BLACKPINK IS THE REVOLUTIONS*",neutral,content-focused,3
"KEEP STR3AMING BLINKS!!
SPOTIFY TOO!!!",neutral,content-focused,3
bruh my head is now repeating “doom doo du dodo do doom” over and over again,neutral,content-focused,3
The nostalgia I got after listening this song is,nostalgic,content-focused,3
이게 벌써 5년 전이라고??,neutral,content-focused,3
"2:12 - Rosé: ""the day i fell without my wings""
I knew youre an angel",neutral,content-focused,3
cada vez estamos mas cerca vamos blinks,neutral,content-focused,3
yow this one a diss track for them haters lmao and we see this slaps because they’re so mad,neutral,content-focused,3
This is always Iconic. 5 yrs but I'll always in awe.,neutral,content-focused,3
"When its starting to premiere and it blacked out
Me panickingggg: wHAATTTTTTTTTT",neutral,content-focused,3
Now I understand why did jisoo said that boombayah “botta bing botta boom” is a hint,neutral,content-focused,3
"ya escuché tantas veces y no me aburre, se sigue sintiendo como si se hubiese estrenado recién aaaa, en fin, Blackpink tus patronas",neutral,content-focused,3
For me HYLT MV remains as the most artistic and cinematic BP mv! The sets are literally so amazing!,neutral,content-focused,3
the “that that that that” reminds me of skz in double knot with the “da da da da”,neutral,content-focused,3
"HYLT: ""Look at you now look at me""
KTL: ""Look at me, look at you""",neutral,visual-focused,1
"Nosotros podemos, hagan esfuerzo por BLACKPINK!",neutral,content-focused,3
THE QUEENS ARE BACK !!!!,neutral,content-focused,3
"""Look at you, look at me""
That line was also in Kill this love
And now its heree tooo . WOW",neutral,visual-focused,1
"Este grupo es de lo mejor llevo días escuchando esta música 
Son genial 
Arriba BLINK!!!!!!!!!",neutral,content-focused,3
"“look at you now look at me”
ok queen",neutral,visual-focused,1
I love this song 💖💖💖,neutral,content-focused,3
ya ha pasado un año desde que salió esta canción y cada vez que la escucho es como si la estuviera escuchando por primera vez,neutral,content-focused,3
Guys let’s break the record juice ayo.  Edit: OMG WE DID IT WE DID IT WE DID IT,neutral,content-focused,3
"BLINKS, VAMOS!!!!
VAMOS MOSTRAR AOS ANTIS QUEM É O MAIOR GG DO KPOP!!!!
1B EM HYLT E 2B EM D4!!!",neutral,content-focused,3
"BLACKPINK IN YOUR AREA, a slogan that will never be forgotten❤.",neutral,content-focused,3
"Finally PUBGM X Blackpink 
Now enjoy in lobby!!!!!",neutral,content-focused,3
"We broke the last record AHHH already have 79 million, congratulations blink
Edit: we should broke the new record, go go go blink",neutral,content-focused,3
"""Yesterday is a History""
""Tomorrow is a Mystery""
""Today is a Gift thats why we call it as Present'
Let's Make HYLT 1.B BEFORE 1st Year Anniversary!!!!
BLACKPINK IS THE REVOLUTION!",neutral,content-focused,3
''blackpink in your area'' will always forever be in my heart,neutral,content-focused,3
"Me: _sees an ad_ *don't skip, don't skip!!*",neutral,content-focused,3
"Lisa  : Look at Me
Me : Yes im looking at you my queen",neutral,visual-focused,1
Se mueven más las vistas del dance practice que el M/V,neutral,content-focused,3
Love Blackpink❤,neutral,content-focused,3
BLINKS SOLO AUMENTAMOS 2 MILLONES QUE PASOOOOO SIGAMOS HACIEMDO STR34M,neutral,content-focused,3
""" *BA DA BING BA DA BOOM BOOM BOOM* ""
- Blackpink, June 26th 2020",neutral,content-focused,3
"No one:
Literally no one:
Not even Lisa's bangs:

Blink's : BaDaMinG BaDabONg boOm BoOm",neutral,content-focused,2
MY QUEENS!!! NO ONE CAN COME CLOSE TO BLACKPINKKKKKK,neutral,content-focused,2
"VAMOS BLINKS NOSOTR@S PODEMOS NO SEAMOS “BLONKS” LAS CHICAS SE LO MERECEN VAMOS A TENER CINCO MV CON MÁS DE UN BILLÓN!! VAMOS NOSOTROS PODEMOS POR QUE AMAMOS A LAS CHICAS NO SEAMOS UN FANDOM FALSO QUE NO APOYA,APOYEMOS A NUESTRAS REINAS!,",neutral,content-focused,3
"vamos blinks que esperan, avisen a las demás blinks, que no estan enteradas, sigamos avanzando",neutral,content-focused,3
"BLINKS ÚLTIMAMENTE EH ESTADO VIENDO MUCHOS COMENTARIOS EN ESPAÑOL, LATINOAMÉRICA ARRASANDO<3",neutral,content-focused,3
This was the first song i heard from.Blackpink... still is legendary,neutral,content-focused,3
BLACKPINK grabs another record as 'How You Like That' becomes the fastest Kpop Girl Group MV to hit 900M views on youtube.,neutral,song-reference-focused,0
"FALTA MUY POCO PARA EL 1B, VAMOS BLINKS, POR LAS CHICAS, BLACKPINK IS REVOLUTION
BLACKPINK IN YOUR AREA !!",neutral,content-focused,3
"""look at you now look at me""

Blackpink you don't need make us feel more potato than we already are!!!",neutral,visual-focused,1
"This is so nostalgic🥺💖

Old is diamond💎🎀......",neutral,content-focused,3
"Words cannot describe how much I like this song, it's a pity that songs are no longer released 🥹",neutral,content-focused,3
"Encerio, pongan empeño realmente tenemos que llegar al Billón no perdamos las esperanzas, y si no completamos al menos lo intentamos",neutral,content-focused,3
We’ve almost hit 50M in 10 hours blinks! This is an amazing achievement - BE PROUD,neutral,content-focused,3
I'm in love with this mv so much.. so I came back to watch it again!,neutral,content-focused,3
"1st listhen: okay....
2nd listen: badabing badabing
3rd listen: LOOK AT YOU NOW LOOK AT ME",neutral,visual-focused,1
"1 second of the video plays:
me: ISSA BOP",neutral,content-focused,3
"director: ""how many umbrellas?""
jennie: ""yes""",neutral,content-focused,3
Are we not gonna ignore the Visuals? Amazing.,neutral,content-focused,3
"《BLINK'S HACIENDO STR3AM PARA EL BILLÓN 》
AQUÍ 《INSERTE LIKE》",neutral,content-focused,3
"*""LOOK AT YOU, NOW LOOK AT ME""* 
ME: JUST LOOKING AT THEM AT AWE",neutral,visual-focused,1
"My bestfriend and I after quarantine

""LoOk aT MeE NoW LoOk At YoUu""",neutral,visual-focused,1
I love you blakpink ❤❤❤,neutral,content-focused,3
"""HOW YOU LIKE THAT""
""NA DEUL SSET""

I LIKE PART",neutral,song-reference-focused,0
"Hay que hacerlo por las chicas, para que estén felices y tengan su 5° MV con un billón antes de su aniversario.",neutral,content-focused,3
ROSE ! “ITS A BIRD... ITS A PLANE” ICONIC.,neutral,content-focused,3
Blackpink gonna kick off their deadline world tour this month !!! 🔥,neutral,content-focused,3
HOW YOU LİKE THAT,neutral,song-reference-focused,0
"No one: 
Literally no one: 
Me: EVERYONE LOOKS SO GOOD",neutral,content-focused,2
"""LOOK AT YOU NOW LOOK AT ME""
GOD OK IM UGLY YOUVE PROVEN YOUR POINT..",neutral,visual-focused,1
BLACKPINK IS THE REVOLUTION ❤,neutral,content-focused,3
"The blonde highlights: 

Mark, Jisung, Yangyang, Jennie: it's free real estate",neutral,content-focused,3
"Kill this love: look at me look at you
How you like that: look at you now look at me",neutral,visual-focused,1
Who's ready for 300M views in 2 weeks??,neutral,content-focused,3
BLACKPINK PAVED THE WAY,neutral,content-focused,3
Everyone please be strong for just 24 hours.  After this we rest okay.,neutral,content-focused,3
"I recently started listening to K-Pop a lot more last year, the reason I didn’t listen to it before was because I didn’t know much about it, it wasn’t until one of my friends showed me this song and instantly fell in love BLACKPINK are one of the groups that made me love the genre just the swagger they had the presence they bought and everything, ever since then I’ve been listening to a lot more groups lately I know there’s a lot more out there that I still need listen to but honestly BLACKPINK are one of my favorites LISA is my Queen I love her🖤💖",neutral,content-focused,3
"No one:
Not even yg:

Me: almost *three hours later* almost",neutral,content-focused,2
Blackpink in you area I LOVE THISSSSSSSSSSSS NOSTALGIC❤,neutral,content-focused,3
Si una alguna vez te sientes estúpido recuerda que hay 1.2M de personas que no les gusta está obra de arte,neutral,content-focused,3
This is 100% Jenlisa’s response to all their haters. Look at you now look at me.,neutral,visual-focused,1
"Bts and Blackpink release their mv 1 minute apart

Me: Stans both group = dead",neutral,content-focused,3
still one of blackpink's biggest comeback,neutral,content-focused,3
my jisoo improved so much,neutral,content-focused,3
"me rn;
Left eye: how you like that mv
Right eye: Stay gold mv",neutral,song-reference-focused,0
Random Fact: you’re probably sitting here waiting for them to release it,neutral,content-focused,3
LETTSSS JUMPPP,neutral,content-focused,3
"Kill this love: *Look at me, look at you*
How you like that: *Look at you, now look at me*",neutral,visual-focused,1
I WASN’T  MENTALLY PREPARED FOR THIS AT ALL.,neutral,content-focused,3
"Kill This Love: "" LOOK AT ME LOOK AT YOU""
How You Like That: ""NOW LOOK AT YOU NOW LOOK AT ME""",neutral,visual-focused,1
This era is something else 😊❤,neutral,content-focused,3
"POV: Your searching for a comment that doesn’t talk about people 
wanting likes.

(Edit: Its the same on “BTS - Stay gold mv”)
Honestly all these anti’s are getting on my nerves 😤
Nevermind just let the antis comment what they want, atleast it gives  Blackpink and BTS higher chances of having the most comments on a yt m/v.",neutral,content-focused,3
1:41 people weren’t wrong when they say Jennie literally is Chanel.,neutral,content-focused,3
"Youtube: 6 minutes left
Me: WHY IS TIMEE SO SLOWWW",neutral,content-focused,3
literally the best,neutral,content-focused,3
DEMOSTREMOS QUE BLACKPINK NO SON UNA DISTRACCIÓN SINO UNA INSPIRACIÓN!!,neutral,content-focused,3
"everyone in the comments: i'm here before the premier
me: wtf is that purple thing in the back",neutral,content-focused,3
"¿Hay BLINKS de Latinoamérica en los comentarios de este vídeo? Vamos por los 900M y luego al 1B ✧\(>o<)ﾉ✧

Edit: OIGAN! ME FUI 2 DÍAS Y YA 1K DE LIKES, ME SIENTO FAMOSO ;;---;;; 
SIGAMOS CON VER EL VÍDEO DE MANERA CORRECTA Y NO COMENTEN EMOJIS O 5P4M :)",neutral,content-focused,3
"So much nostalgia, Welcome back BLACKPINK",nostalgic,content-focused,3
"Blinks estamos perdiendo en todas las votaciones, se que no es obligatorio votar pero hagámoslo por las chicas, y hagamos str3am es muy importante!!
Blinks si podemos.",neutral,content-focused,3
I can still remember waiting this to release last 4years😭 times so fast,nostalgic,content-focused,3
"2:11 When chaeng said ""The day I fall without my wings"" she ain't lyin' bruh.",neutral,content-focused,3
ugh what a masterpiece of an MV,neutral,content-focused,3
"Everyone: already finished the mv in one go

While me with my potato wifi: =_=",neutral,content-focused,3
"Assim como estou ansioso pelo Solo da LISA ,
estou pelo 1B que está cada vez mais próx '.",neutral,content-focused,3
"TODOS LOS BLINKS QUE AHORITA ESTAN HACIENDO STR3AM, GRACIAS uwu Gracias por siempre estar X2",neutral,content-focused,3
Welcome  back  blackpink ❤❤,neutral,content-focused,3
Podriamos hacer este quinto Billón para su aniversario ? Que esperamos? Vamos Blinks,neutral,content-focused,3
1B COMING SOON,neutral,content-focused,3
The first parts of the mv gave me bigbang's Bae Bae vibes,neutral,content-focused,3
BLACKPINK THE QUEENS YOU ALL ARE,neutral,content-focused,3
Omg it's official. This is Jisoo's era,neutral,content-focused,3
"VLive Blink: OH MY GOD YES QUEENS

YouTube Blink: 
“No one:
Literally no one:”",neutral,content-focused,2
Lleguemos mis blinks lleguemos a ese billon y el dance practice también FIRMES Y DIGNOS,neutral,content-focused,3
J'adore  How You Like That'   BLACKPINK,neutral,song-reference-focused,0
2:51 The best backup dancers post ever 😂,neutral,content-focused,3
"New fans of kpop: Hana, dul, set
Blinks: Y A D O M",neutral,content-focused,3
"JenLisa attacked me personally by saying ""look at you, now look at me"" I-",neutral,visual-focused,1
"Look up in the sky its a bird, its a plane. That is my favourite line❤❤❤",neutral,content-focused,3
"No one:

Literally no one:

The comments:
“No one” “literally no one”",neutral,content-focused,2
Jisoo is in relationship with fire rain,neutral,content-focused,3
"More & More, Butterfly, Hug U, and How You Like That are sitting at the same table.",neutral,song-reference-focused,0
Look at these SETSSSSS!!!,neutral,visual-focused,1
"2:33
Jennie: *""Bring out the boss bish""*
Me: Did i hear that correctly?
Also me: Ooooooooh they've upgraded words",neutral,content-focused,3
Thought Jisoo would say the “Blackpink in your area” now I’m kind of disappointed but keep streaming blinks,neutral,content-focused,3
BLACKPINK MIS REINAS HERMOSAS YA FALTA POCO PARA SU REGRESO LAS AMOOOOO,neutral,content-focused,3
I love this song,neutral,content-focused,3
"me: Blink
my sister: Army
""How you like that"" & ""Stay Gold"" remix at home",neutral,song-reference-focused,0
"School attendance 20%
College attendance 30%
BLACKPINK attendance 100%",neutral,content-focused,3
lisa rhee after 5 minutes: *released a hylt dance cover*,neutral,content-focused,3
Look at me look at you... OnFIRE 🔥🔥,neutral,visual-focused,1
I can’t believe this is actually happening,neutral,content-focused,3
"Blackpink: slaying
Blinks: streaming 
YouTube: let's freeze the views",neutral,content-focused,3
"Nobody:
Absolutely no one:
Not even YG:
Lisa:LoOk At YoU lOoK aT mE

Edit:thanks for the likes blinks❤💓",neutral,visual-focused,1
this song never get old❤,neutral,content-focused,3
"No one: 
Blackpink: lets get likes and comments before the mv",neutral,content-focused,2
Cuantas veces escucharon esta canción el día de hoy ? Ayuden al str3am,neutral,content-focused,3
"""Look up in the sky its a bird its a plane""

Nah, that's my wig",neutral,content-focused,3
"Here after their comeback 🖤💖""JUMP""🖤💖",neutral,content-focused,3
"No one:
No one:
Blinks:
LET'S EXPLODE COMMENTS",neutral,content-focused,2
"IM GONNA THROW HANDS IF YALL KEEP COMMENTING LIKE THAT

edit note: if you have nothing nice to say, keep your opinion to yourself :) aha",neutral,content-focused,3
"""look at you""
me looks in the mirror: damn, a potato head-
""now look at me""
me looks at them: *hold my hair, hold my body, hold my money, hold my soul queens*",neutral,visual-focused,1
The iconic oreo hair of JENNIE is STUNNIG.,neutral,content-focused,3
"no one:
literally no one:

me:expecting jisoo will say ""blackpink in your area""",neutral,content-focused,2
*BLINKs do mundo inteiro vamos atras do 1 Bilhao*,neutral,content-focused,3
"BLACKPINK: Ha how you like that?

1M: *Disliked this MV is because felt triggered with that response*",neutral,song-reference-focused,0
Best song of the year,neutral,content-focused,3
"""I'll kiss you goodbye""

Nooooo.",neutral,content-focused,3
0:29 okay but can we appreciate how “How you like that” Rose just crushed “Kill this love” rose crying with a four-leaf??,touching,song-reference-focused,0
"Can y'all stop stop the ""no one"" comments like -
Eye-",neutral,content-focused,2
Oh they went HARD!! 💘,neutral,content-focused,3
"How you like that?

Jennie: How you like my hairstyles?",neutral,song-reference-focused,0
"*mv* *releases*


me: crawling out of my coffin after waiting for a comeback",neutral,content-focused,3
"R3c0meback COLOMBIA PRESENTE
Vamos blinks",neutral,content-focused,3
2025년에는 누가 있을까요? 👋🏻이거 다시 한번 상기시켜 드리고 싶네요.. 걸작이죠..,neutral,content-focused,3
"no one:
literally no one:
meanwhile yt: freezing views
Edit: thank u for the likes!! :""))
STREAM LOVESICK GIRLS <333",neutral,content-focused,2
"Bp: look at you, now look at me

Me: shook in spanish",neutral,visual-focused,1
Anyone else looking through the comments and thinking: ‘I wish I said that’,neutral,content-focused,3
THEY ARE BACK!,neutral,content-focused,3
"Esto va muy lento, qué pasa Blinks?*suspiro*no pasa  nada sigamos reproduciendo",neutral,content-focused,3
"no one:
literally no one:
the comments: “the comments: “No OnE: LiTeraLLy No OnE:” ”",neutral,content-focused,2
This new era is gonna be 🔥,neutral,content-focused,3
"the entire comments section:
""no one""
""literally no one""",neutral,content-focused,2
"me checking comments: 58s = 4.1k



me: quickly trying to comment as fast asf",neutral,content-focused,3
"No one 

Literally no one 


YouTube: “let’s freeze the v13ws!”",neutral,content-focused,2
I watched this song 100 times but still love it ❤❤❤❤❤❤❤❤❤❤❤❤❤,neutral,content-focused,3
WHY IS EVERYONE COMMENTING THE SAME THING I'M   L O S T,neutral,content-focused,3
Everyone literally everyone: No one..,neutral,content-focused,2
Why there’s so many comments like: “no one:  literally no one:   “ ????,neutral,content-focused,2
"Blackpink: Lets see how many vi3ws we could make in an hour.
Youtube: Hold my vi3w fr33zing !!",neutral,content-focused,3
"When jennie say: 
Bring out your boss bit*ch

Me: *heart attack*
Blinks: **DRAG ALL THE HATERS**",neutral,content-focused,3
i pray a random person who likes this will be a billionare,neutral,content-focused,3
BLACKPINK IN YOUR AREA will be forever iconic ❤,neutral,content-focused,3
jisoo: I'm Zuko,neutral,content-focused,3
BLARMYs: SCREAMING BECAUSE THEY CAN'T BREAK THEIR SCREENS IN HALF,neutral,content-focused,3
"Nobody:
Jennie:- bring out the pop bit-ch",neutral,content-focused,3
Who is watching this legend song in 2025,neutral,content-focused,3
why do people keep commenting the same thing? “Everyone: comments and gets a hundred of likes “,neutral,content-focused,3
"damn, all this “No one” comments are giving me anxiety.
Edit: ANYWAYS LET’S NOT STOP STRE-AMING BLINKS! AND PLEASE REPORT THESE COMMENTS GUYS! FOR Y’ALL HATERS. HOW ABOUT YOU FOCUS ON YOUR GROUPS? Stop pestering us! Report those mf cuz’ THEY FREEZE THE VIEWS. AND PLEASE NO EMOJIS! LET’S STRE@M PROPERLY. NO FASTFORWARD. LOVE Y’ALL",neutral,content-focused,3
"Nobody: 
Me and other people:
_comments before premiere_",neutral,content-focused,3
I will never get tired of listening to this,neutral,content-focused,3
"No one:
Literally no one:
me after watching it nonstop:
look at you now look at meeeeeee",neutral,visual-focused,1
"me: in a family gathering 
them: why are you crying??",touching,content-focused,3
"I bet LISA is the one who gonna say “BLACKPINK IN YOUR ARE” in this Song, mark my comment",neutral,content-focused,3
Slay blackpink y’all got me into K-pop now at school everyone refers to me as the K-POP OBSESSED GURL and I even taught most people including boys to listen and dance to K-pop lol 😅😅❤❤❤❤ LOVE U BLACKPINK 😘😘,neutral,content-focused,3
Blackpink is back everyone!,neutral,content-focused,3
"nobody:
me at 5 am at the top of my lungs: LOOK AT YOU NOW LOOK AT ME",neutral,visual-focused,1
me: *confused about lisa's hair*,neutral,content-focused,3
But- Okay I’m dead adiós everyone. **^**,neutral,content-focused,3
"BP: look at you now look at me
Me: i felt offended",neutral,visual-focused,1
This hit is unforgettable 🔥,neutral,content-focused,3
"ROSÉ: * shows her little finger then wear a mask*

Me: HOLD UP, did she just- welp, ready to get robbed BLINKS",neutral,content-focused,3
"nobody:
blinks: *str3aming
yt: oh damn, lemme freeze the vi3w$",neutral,content-focused,3
"Jenlisa: look at you now look at me
Me ashamed: I know im ugly damn",neutral,visual-focused,1
It was too perfect,neutral,content-focused,3
when is this 'no one:' thing going from the comment section ? I am tired of seeing it in literally every video,neutral,content-focused,2
"every one: 
literally everyone: nO OnE litErAllY nO One",neutral,content-focused,2
"blinks: ""I hope youtube doesn't freeze vie-""
youtube: *evil cackle*",inspiring,content-focused,3
Miss this era of blackpink 😢,nostalgic,content-focused,3
"'Look up in the sky 
It's a bird it's a plane' no it's actually my wig flying",neutral,content-focused,3
"I AM SO TIRED OF REPORTING THE ACCOUNTS WHO SAY, No One: Literally no one.
HATERS JUST GET OUT OF HERE.",neutral,content-focused,2
Eu so esperqva que nesse clipe a Jisoo falasse o começo onde a Lisa falou poxa YG nossa todas ja disseram isso menos a Jisoo,neutral,content-focused,3
This song is LEGENDARY.,neutral,content-focused,3
"""Look up in the sky it's a bird its a plane. """,neutral,content-focused,3
"No one:

Me singing in front of my mirror : look at you now look at me~",neutral,visual-focused,1
"90% comments: no one, literally nobody 
10% comments: other",neutral,content-focused,2
"omggg, came back here after listening to Jump and HYLT literally gave me goosebumps 🥹",neutral,content-focused,3
"no one :
Literally no one:
Lisa : look at you look at me
me: i know im an ugly and fat potato dont attacc me",neutral,visual-focused,1
literally some blinks:  watches over and over on other devices.,neutral,content-focused,3
"no one: ha-
filipinos: hakdog
blackpink: how you like that?",neutral,song-reference-focused,0
Hearing blackpink in your area again made me soooo nostalgic,neutral,content-focused,3
"*flashbacks to yt rewind 2020 comment section*

Also, what's happening?",neutral,content-focused,3
LA BELLEZA DE JENNIE NO ES UNA BROMA,neutral,content-focused,3
"No one:


Literally no one: 


Not even yg from his jail cell:


The comment section: Look at you now look at me",neutral,visual-focused,1
four girls are perfect pieces for each other,neutral,content-focused,3
Yg goal 50M views in 24 hours. Blinks no we want more. Blinks told haters that we are not biggest fandom but we are most powerful fandom 85 M views,neutral,content-focused,3
Y’all stop it with the “no one; literally no one” comments,neutral,content-focused,2
"Blackpink: ""How you like that""
Me literally seeing the comments section: what the hell man I don't like that.",neutral,song-reference-focused,0
I will support blackpink forever,neutral,content-focused,3
"LISA 2019 : Here lm kicing the door
LISA 2020: HOW YOU LIKE THAT",neutral,song-reference-focused,0
"""black pink in your area"" it's lisaaaaa",neutral,content-focused,3
"no one:
literally no one:
me at 5 am: *DDODOONGDDORUROO-*",neutral,content-focused,2
This is the best black pink song ever❤❤❤🔥🔥🔥,neutral,content-focused,3
"Me in comments: why tf everyone is like ""no one literally no one""
edit: Why tf everyone is saying same thing in comments tf
They got virus or wat it is annoying stop
Edit: why it says 6.1m views but when u tap it is 457k views",neutral,content-focused,2
"After seeing mv me- omg i cant breath after seeing this
My mom- wait u cant breath i am sure u got corona lemme take u to hospatail",neutral,content-focused,3
"Literally Everyone:
""Nobody :
Literally no one :
Someone: ...""",neutral,content-focused,2
It all started with this spoon and now I'm a blink🎉🎉🎉🎉🎉🎉🎉,neutral,content-focused,3
"My last brain cell at 2 pm


“Ha how you like that” :/",neutral,song-reference-focused,0
"Me and my boyfriend after a breakup : 

“Look at you now look at me”",neutral,visual-focused,1
Dancers must be on overtime today in order to post dance cover early tomorrow,neutral,content-focused,3
this is the biggest comeback in history 🤯❤️‍🔥❤️‍🔥❤️‍🔥,neutral,content-focused,3
I have reported some of these ‘no one’ comments as ‘spam’ they serve no purpose or meaning! And annoying AF. Blink let’s report these spammers! YouTube might delete all of them at once!!,neutral,content-focused,3
"me in their yt live: ""the subtitle person better type FASTTT""

YG (blackpink): ""yea we're not doing that""",neutral,content-focused,3
We still have 2 hours we can get 100 if we try hard,neutral,content-focused,3
this was so iconic its insane,neutral,content-focused,3
"Nobody:
Youtube: lets freeze the views",neutral,content-focused,3
"no crean en lo que se dice en los comentarios, NO BORREN EL HISTORIAL",neutral,content-focused,3
"No one: 

Me: ""loOk aT yoU nOw lOok At mE""",neutral,visual-focused,1
Blackpink is the best kpop group,neutral,content-focused,3
"Guys the statue of genesha in Lisa rap 
Has been edited out at 1:20",neutral,content-focused,3
"no one:
literally no one:
me after watching: HA- HOW U LIKE DAAT",neutral,content-focused,2
"Me having a bad day:

Jennie: *look at you now look at me*
Me: ...",neutral,visual-focused,1
"no one:
literally no one:
the comments: “no one:
literally no one:
the comments: “the comments: “No OnE: LiTeraLLy No OnE:” ””",neutral,content-focused,2
"All these ppl:(comment same)
Me: BP run the game in high hillls!......BP in your area!
BP: du ddu du ddu(slaps talent 1:50)",neutral,content-focused,3
"Literally no one :

Ppl in the comment sec :

 ""no one: """,neutral,content-focused,2
Jamás me cansaré de esta obra de arte 😫🩷,neutral,content-focused,3
Jennie: Look at you now look at me.,neutral,visual-focused,1
"Blackpink: look at you now look at me.
Me: Died.",neutral,visual-focused,1
"Bp: How you like that?
Blinks: We loved that 
Thanks for coming back unnies",neutral,song-reference-focused,0
BLACKPINK literally slayedddd My queensss 🖤💗,neutral,content-focused,3
i can't stand straightly. i want u guys to see everytime on the screen,neutral,content-focused,3
"2:45 : 
DumdumdumDuruRum DumdumdumDuruRum  DumdumdumDuruRum DumdumdumDuruRum DumdumdumDuruRum",neutral,content-focused,3
"""It's a bird it's a plane""

Us after *quarantine* .",neutral,content-focused,3
Blackpink is that diva ❤💋,neutral,content-focused,3
"Producers: So how many back up dancers do you want?

BP: yes",neutral,content-focused,3
"No one:

Literally no one:

The comments:
""No one"" ""Literally no one""",neutral,content-focused,2
can ppl stop saying “no one” “literally no one?”,neutral,content-focused,2
Who's happy that our queens are back,neutral,content-focused,3
"No one :
Absolutely no one:
Everyone in the comments: loOk aT mE LoOk aT yOU",neutral,visual-focused,1
NEW TARGET 85M. LEZGO BLINKS!! We still have 1hr and 15mins left. LEZGO!!!,neutral,content-focused,3
"friend: if you an artist and appear in this mv, who would you be?
me: probably the donkey",neutral,content-focused,3
Can't believe it's been 5 years to this ART,neutral,content-focused,3
"nobody:
not even my cats poop:
me: dancing and singing on the floor like a total idiot  
i lovcee you QUEEN
I ALREADY REMOVE THE EMOJI..",neutral,content-focused,3
"no one:
literally no one:
comments:
 nobody: 
not even:",neutral,content-focused,2
"pq les cuesta tanto hacer str34mn? NECESITAMOS LLEGAR AL BILLÓN, MUEVANSEEEEEEE",neutral,content-focused,3
this comeback save me from pandemic,neutral,content-focused,3
"Me: There she is .... my angelsé.
Rosé: who said I was an angel. 
She just killed me and that ski mask oh god",neutral,content-focused,3
Why are the comments like “no one:”,neutral,content-focused,2
"Nobody:
Not even me:
My mum : comes into my room while i listen to the song the first time and shows me a new pair of socks that she bought for me",neutral,content-focused,3
NOW WE ARE READY FOR JUMP 😍,neutral,content-focused,3
"Most of the comment:
“NOBODY”
“Literally No One”
“Delete emoji”",neutral,content-focused,2
"JENNIE: LOOK AT YOU NOW LOOK AT ME

Me:
The ghost beside me:
The spider at home:",neutral,visual-focused,1
"""Look up the sky, It's a bird, It's a plane""

Me being dumb who actually thought there's an airplane and a bird: *where?!*",neutral,content-focused,3
love this masterpiece that's why i kept on coming back,neutral,content-focused,3
"BLACKPINK:. ""NOW LOOK AT YOU, NOW LOOK AT ME""
Me: * Checks myself in the mirror *",neutral,visual-focused,1
just a normal comment coming thru,neutral,content-focused,3
don’t look at the fact that there’s 1mil dislikes look at how there’s 19mil likes,neutral,visual-focused,1
"After 5 years, this song is still golden ❤",neutral,content-focused,3
ME STILL THINKING ABOUT WHY YG MV HAVE A TRIANGLE •_•,neutral,content-focused,3
"No one:
Literally no one:

YouTube: oh, lemme freeze this. Ha ha how you like that?",neutral,content-focused,2
"كمت ابجي بسبب فخامه الاغنيه احبكم يا كوينز الامه
I love you blackpink my queens
edit:thanks for 100 like 
تعديل:شكرا ؏ 100 لايك",neutral,content-focused,3
The song is crazy and Black Pink is crazy🖤💗😭,neutral,content-focused,3
"*If you're Filipino, you'll know all the memes circulating about Jennie's pose.* *lol*",neutral,content-focused,3
"me: nowadays I studied Korean a lot. I'll understand every single thing in this song

me: one two three? at 00:40",neutral,content-focused,3
"1:04 Lisa's silver front tooth looks coooool!!! 
Wow! Going 170M!! 
How y'all like that!",neutral,song-reference-focused,0
This brings back so many memories. My daughters love this song. They used to sing and dance to this song.,neutral,content-focused,3
"Blackpink be like: how you like that? 


Me: yes I really like that!!",neutral,song-reference-focused,0
"Litterally Nobody :     

Me for the next 2 months: Look at you Now look at me",neutral,visual-focused,1
"""Look at you now look at me"" BP showing us our reality  potato heads RISE UP",neutral,visual-focused,1
"They look so different, then they're princesses, now they're queens",neutral,content-focused,3
"2019 : KILL ME
2020 : How to make me die
2021 : Funeral",neutral,content-focused,3
"BLINKS HEADLINES!!!!
BLACKPINK WILL SOON HAVE A COMEBACK IN 2025!!!!
LETS SHAKE THE KPOP INDUSTRY ONCE AGAIN AND SUPPORT OUR GIRLS!!!",neutral,content-focused,3
"For the next 2 hours all the comments are gonna be: ""I'm early""",neutral,content-focused,3
Fabulous powerful legendry song it's my favorite song 😊😊😊💪,neutral,content-focused,3
2025년 사람 있나요?,neutral,content-focused,3
"Y'all Why does everyone have to comment like
""no one""
""Literally no one""
: /",neutral,content-focused,2
"When you’re seriously not bothered to comment in the live chat cuz no ones actually gonna read it:




U type it in the proper chat so u can get noticed",neutral,content-focused,3
Finally black pink is back to gather yay 🖤💖,neutral,content-focused,3
"No one:
Literally no one:
Everyone: gets hundreds of likes in seconds.

HOW YOU LIKE THAT",neutral,content-focused,2
"this is fokken aaawesome, but did ya listen to STAS CHEKIROV - PAGER ???",neutral,content-focused,3
"Me finding a comment that talks about their song

Reality : no one , no one literally noone no no no one.......",neutral,content-focused,2
"Ah the memories
My very first kpop song
First kpop group i ever stanned
I love them for helping me discover what i like and i will never get bored of",neutral,content-focused,3
"No one:

Literally no one:

Me: why the views are not increasing???",neutral,content-focused,2
Edited so y'all don't know what I said. Keep streaming!!,neutral,content-focused,3
Me after my mom drops something and I call her a mistake: *how you like that*,neutral,song-reference-focused,0
이 뮤직비디오랑 노래 너무 좋아요 ❤️ 🖤💗,neutral,content-focused,3
"No one;

Literally no one;


Comment section; ""Literally no one;""",neutral,content-focused,2
"No one:
'Likes'  to 'v!3ws': LOOK AT YOU NOW LOOK AT ME
v!3ws: TT
Dislikes:HOW YOU LIKE THAT",neutral,visual-focused,1
"The language of the song: 1️⃣/2️⃣

The language of the comments: 1️⃣9️⃣9️⃣9️⃣9️⃣9️⃣9️⃣


HOLY SKKSKJ ALMOST 200 LIKES IN 1 MINUTE I-",neutral,content-focused,3
BLACKPINK IN YOUR AREA❤❤❤❤❤❤,neutral,content-focused,3
"No one:
Literally no one:

ppl having 500 likes in just seconds.",neutral,content-focused,2
HOLY MOLY WE ARE SO CLOSE TO 80M,neutral,content-focused,3
"Me at 4:AM probably waking up my entire  family: ""lOoK aT yOu, nOw lOoK aT mE.""",neutral,visual-focused,1
블랙핑크 너무 사랑해요~♡♡♡ 이 노래 저처럼 좋아하신 분은 이 이모지 꼭 눌러주세요 👐,neutral,content-focused,3
"""Look at me now look at you""
Me looking at my self  - bends the knees to the queens in a sec

PS: thank you for the likes. When you have time go check out my music video reviews. of Blackpink, txt, dreamcatcher, twice and so on 🙏",neutral,visual-focused,1
The person that's reading this I know you're not ok,neutral,content-focused,3
"*ATENCION: Hagan Stream A HYLT, Porque Blackpink Esta Punto De Perder El Primer Lugar En Ser El Único Grupo Kpop En Tener 4 Videos Oficiales En Tener 1 Billón De Reproducciones Pasen La Voz, Difundan El Mensaje*",neutral,content-focused,3
"Youtube: 5minutes ago 2 views
Comments: 60K
Me: O_O YouTube’s drunk again...",neutral,content-focused,3
WHY IS THERE THE SAME COMMENT EVERYWHERE IM CONFUSED HELP,neutral,content-focused,3
"Ok this ""no one"" thing in the comments are getting annoying",neutral,content-focused,2
This song was and is still a whole vibe,neutral,content-focused,3
"No one:
Literally no one:


Me: wondering how people getting 1k likes in just a minute",neutral,content-focused,2
"No one:
YouTube: let’s freeze the v13ws",neutral,content-focused,2
"Them: ""how you like that?""
Blinks: *dead*",neutral,song-reference-focused,0
HOW YOU LIKE THAT WILL NEVER LOSE ITS SHINE !✨,neutral,song-reference-focused,0
"No one:
Literally no one:
YG: Green screen who? I only know how to spend millions for my artist's mv",neutral,content-focused,2
"Filipinos be like:
From “ha? Hakdog”
To “ha? How you like that”",neutral,song-reference-focused,0
Then when i sneeze :  ha how you like that.,neutral,song-reference-focused,0
"Here after watching jump mv. This was peak blackpink energy , i miss HYLT days 😢",nostalgic,content-focused,3
"No one:


The comments here:
""No one:
Literally no one:""",neutral,content-focused,2
ARKADAŞLAR STR2AM KASIN 200 MILYON YAPALIM LUTFEN,neutral,content-focused,3
"when did everyone agree to use ""no one:     literally no one:"" things in this comment section though??",neutral,content-focused,2
Blackpink in your area,neutral,content-focused,3
"Everyone: ""Still no antidote for Covid19""
Blink: WELL BLACK PINK NAILED IT. ***bye covid",neutral,content-focused,3
"Them: LOOOK AT YOU NOW LOOK AT ME
Me looking like a rotten potato watching this.",neutral,visual-focused,1
"how To pronoune ""How you Like that""

Them: ""how you like that""
Me: ""song Of the year ""

PERIODT.


Edit: DONT REPLY ON MY COMMENT IF U DON'T GET THE JOKE.🙂",neutral,song-reference-focused,0
What a beautiful song todoquever😍😍,neutral,content-focused,3
"blinks: where are the views
youtube: no comment.",neutral,content-focused,3
"no one:
literally no one:


everyone in the comments: getting 100 likes in less than a minute",neutral,content-focused,2
"Nobody:



Even my mom:



Me: look at me now look at you",neutral,visual-focused,1
I just think its funny how yall clearly dont know how youtube works. All these spam comments help them get views because of the algorithm,neutral,content-focused,3
"No one:
Literally no one:
Comments: 
No one:
Literally no one:",neutral,content-focused,2
"No one:

Literally no one:

YouTube: *Let's freeze views*",neutral,content-focused,2
Can't wait to see you in Paris 2 and 3 August 🥰,neutral,content-focused,3
why is everyone commenting same thing,neutral,content-focused,3
"Why is everyone commenting 
the same comment
I’m confused and getting dizzy",neutral,content-focused,3
"En chile son las 02:17 de la noche
Pero no me importa me voy a quedar hasta las 6 si es necesario",neutral,content-focused,3
can't wait for their new album,neutral,content-focused,3
"Nobody:

YouTube: ""Let's freeze the views!""

edit: nothing happened, still 457k views",neutral,content-focused,3
Mi mama: SUBELE EL VOLUMEN A ESA SONG!!!,neutral,content-focused,3
"No one:
Literally no one:
Me: everybody is getting 100s of like in a sec 0-0",neutral,content-focused,2
1.3 billion proud of u blinks lets take it to 2 billion sooon,neutral,content-focused,3
"No one:
Literally no one:
Me:*screaming so loud that my brother think im crazy*",neutral,content-focused,2
"no one:
youtube: aight, imma do what I do best **crashes**

edit: sankyu I didn't expect I'll get that much likes ㅋㅋㅋ",neutral,content-focused,3
"No one:
Literally no one:
Everyone in the comments: getting a hundred likes in a second",neutral,content-focused,2
Im so ready for their comeback omgggg 👏🏻,neutral,content-focused,3
"No one:
Literally no one:


Eveyone talking about how everyone is getting 100 likes every minute",neutral,content-focused,2
"No one:
Literally no one:
Everyone: get hundred of likes less than a minute",neutral,content-focused,2
Pubg mobileden gelenler artı1,neutral,content-focused,3
BLACKPINK IS THE BEST 🖤💗,neutral,content-focused,3
"No one 

Literally no one:

Me: people get so many likes in one second",neutral,content-focused,2
why this has 180likes?,neutral,content-focused,3
FINALLY THE QUEENS ARE BACK!!! QUEENS OF K-POP ARE HERE BLACKPINK IN YOUR AREA,neutral,content-focused,3
Who came here from Pubg mobile,neutral,content-focused,3
"Srsly can we just stop using 
No one : 
Literally no one:
It's annoying AF",neutral,content-focused,2
Lindas divas arrasaram voltaram com tudo parabéns divaaaas❤❤❤,neutral,content-focused,3
66million until 1.4b!!! Keep streaming Blinks,neutral,content-focused,3
"Pandemic Time when the song was released, the nostalgic feeling",neutral,content-focused,3
I can say they look the prettiest in HYLT era!!!,neutral,content-focused,3
"amo esta cancion,la sigo escuchando a pesar de los años, las mejores",neutral,content-focused,3
BLACKPINK WILL NEVER BE FORGOTTEN,neutral,content-focused,3
Can't believe it's already 5 yearsss omg my queens,neutral,content-focused,3
i miss this blackpink.,nostalgic,content-focused,3
Blackpink in your area😎,neutral,content-focused,3
blackpink love you forver🖤🖤🖤🖤🖤🖤💓💓💓💓💓💓,neutral,content-focused,3
so happy theyre back❤,neutral,content-focused,3
Feel in Love,neutral,content-focused,3
"Amava essa música, hoje estou ouvindo ela novamente e sinto a mesma energia que sentia!",neutral,content-focused,3
이 노래 블랙핑크 방탄소년단 정말 좋아했어요 ❤,neutral,content-focused,3
nostalgic hit,neutral,content-focused,3
Everyone's favourite blackpink song❤🥺,neutral,content-focused,3
Estás chicas son geniales,neutral,content-focused,3
Biggest fan ever,neutral,content-focused,3
My favorite song ❤❤❤ I am blackpink fan ❤❤❤,neutral,content-focused,3
국뽕에 미치게 만드는 슬기로운 영상....😊😊😊,neutral,content-focused,3
I love this music❤❤❤❤❤,neutral,content-focused,3
They slay so hard,neutral,content-focused,3
this is best song OMG,neutral,content-focused,3
My first k-pop song,neutral,content-focused,3
I love you BLACKPINK❤,neutral,content-focused,3
I'm here after Jump hehe,neutral,content-focused,3
"I love this song of  
                 (BLACKPINK)",neutral,content-focused,3
"STREAM ""JUMP"" PLEASEEEEEEEEEEEE",neutral,content-focused,3
Listening to bp old song waiting for new   comeback 😢,neutral,content-focused,3
bring me back to the first time I heard how you like that it does not feel the same hearing it now,neutral,song-reference-focused,0
BLACKPINK IN YOU AREA 🗣️🗣️🗣️,neutral,content-focused,3
Blackpink in your areaaaa!!!😂,neutral,content-focused,3
Lisa’s part is epic,neutral,content-focused,3
"Please don't hate them, love them they have crystal clear noble hearts ❤",touching,content-focused,3
how u like that ❤️‍🔥,neutral,song-reference-focused,0
BLACKPINKが大好きです。彼女たちは独特の輝きがあって、私のお気に入りのアイドルです❤️,neutral,content-focused,3
Here before Deadline world tour❤,neutral,content-focused,3
BLINKS stream JUMP on all the platforms 🔥🔥,neutral,content-focused,3
"Ellas devoraron, no dejaron ni la más minima migaja 🔥🔥",neutral,content-focused,3
The best music of blackpink,neutral,content-focused,3
I love blackpink ❤,neutral,content-focused,3
Miss this BLACKPINK ..,nostalgic,content-focused,3
5 years later and this is still the best kpop outro ;-;,neutral,content-focused,3
Who's here after jump?,neutral,content-focused,3
How You Like That comeback is the best,neutral,song-reference-focused,0
Who's after JUMP,neutral,content-focused,3
ME ENCANTOO❤❤❤,neutral,content-focused,3
Anyone after JUMP???,neutral,content-focused,3
BLACKPINK IS BACK,neutral,content-focused,3
"The ""JUMP"" song is best yeeeaaaaaaaaa😏😜I love you guys (BLACKPINK)❤❤❤❤",neutral,content-focused,3
Blinks let's stream all of our queens songs,neutral,content-focused,3
"5 years of this hit, and I haven't gotten over it (I probably never will 💔)",neutral,content-focused,3
"2025 and i still love it plus the heck the nostalgia be hitting hard today, this video literally got me into kpop now i really wanna become a idol!",nostalgic,content-focused,3
South Koreans taking the world by storm....❤🎉,neutral,content-focused,3
I ❤ Blackpink,neutral,content-focused,3
Las que si dan orgullo las que tienen el verdadero nombre de patronas del k-pop,neutral,content-focused,3
BLACKPINK IN OUR AREA AGAIN!🖤💗🎉JUMP💗,neutral,content-focused,3
Hylt era was really dope,neutral,content-focused,3
Blackpink in your area 🖤💗🖤💗🖤💗🖤💗,neutral,content-focused,3
i love it so much,neutral,content-focused,3
La canción del año😍,neutral,content-focused,3
Pasando por dónde crecí🥳,neutral,content-focused,3
Came here after watching  Jump MV ♥️,neutral,content-focused,3
you love music💖💖💖💖💖,neutral,content-focused,3
100 MILHÕES ❤,neutral,content-focused,3
"1,5 Billion  let's go ❤❤❤",neutral,content-focused,3
blackpink best forever🥀,neutral,content-focused,3
Me encanta demasiado el inicio es épico,neutral,content-focused,3
Me encanta este vídeo y la canción también todo es perfecto,neutral,content-focused,3
My first kpop song 🖤🖤🖤💖💖💖💖🔥🔥🔥,neutral,content-focused,3
VAMOS POR LOS 20 MILLONES BLINKSSSSS SI DE PUEDE 🎉🎉🎉🎉🎉,neutral,content-focused,3
"¡Me encanta este video! Las imágenes son increíbles, la música es espectacular, sin duda amo a este grupo.",neutral,content-focused,3
Love the dance scene and the costume changes nice voices 7.1.2025,neutral,content-focused,3
❤❤ wow ❤❤❤❤❤❤❤ i❤u so much BLACKPINK,neutral,content-focused,3
BLACKPINK ESTA DE VUELTA,neutral,content-focused,3
This my Best song❤❤❤,neutral,content-focused,3
Aprovechando a hacer stream a JUMP pasando por mis raices ❤,neutral,content-focused,3
"las amo blackpink,su musica es genial y sus canciones son muy pegajosas y no salen de mi cabeza",neutral,content-focused,3
"“Look at me now look at you”

Yes I’m staring to your soul",neutral,visual-focused,1
miss this era….,nostalgic,content-focused,3
Let’s go for 2B,neutral,content-focused,3
"My favourite song, stream jump mv blinks ❤❤❤❤😊",neutral,content-focused,3
"For those who don't know : 
Blackpink is releasing their new single “JUMP” on the 11th of July. PLEASE MAKE SURE TO CHECK IT OUT! 
XOXO",neutral,content-focused,3
I became blink after hearing this song 😂❤,neutral,content-focused,3
Amo esta cancion,neutral,content-focused,3
Lisa  shines like a diomond,neutral,content-focused,3
My favorite song,neutral,content-focused,3
essa sempre vai ser uma das minhas favoritas,neutral,content-focused,3
OMG love it !!!,neutral,content-focused,3
2:26 the beat hits so hard!!!! 🔥🔥🔥,neutral,content-focused,3
Siempre las Mejores 🖤🩷🤗🫶🏻🤗🫶🏻,neutral,content-focused,3
I love blackpink,neutral,content-focused,3
I like how you didn’t use an excessive amount of concealer. Your taste in BlackPink is also appealing. 😍,neutral,song-reference-focused,0
Blackpink Great Show Last Night,neutral,content-focused,3
JENNIE delivers every line with confidence and precision.,neutral,content-focused,3
BLACKPINK FOREVER❤,neutral,content-focused,3
Amoooooo el kpop❤❤❤😊,neutral,content-focused,3
How you like thaaaaaaat!!!!,neutral,song-reference-focused,0
Stream stream other songs while JUMP comes out!!!,neutral,content-focused,3
"1,3 Billion+1,8 Billion:3,2 Billion ❤",neutral,content-focused,3
las blinks las amamos mucho,neutral,content-focused,3
Debemos hacer que esta hermosa y energética canción llegue a 1b!☹️😊,neutral,content-focused,3
Who’s here after JUMP?,neutral,content-focused,3
How cute my girls are 💗😭,neutral,content-focused,3
How you like that by blackpink  unnie is best song,neutral,song-reference-focused,0
2025년 7월… 시간이 흘러도 블랙핑크에 대한 사랑은 여전해요 🖤💖 나는 항상 블링크로 남을 거야 ✨💫,neutral,content-focused,3
2:10 Jennie's hair is so beautiful.This era will be unforgetablle,neutral,content-focused,3
Love from Bangladesh 🇧🇩,neutral,content-focused,3
no se si me entiendan pero dire que es la mejor cancion que eh escuchado🤎🤎🤎🤎🤎🤎🤎🤎🤎🤎,neutral,content-focused,3
